{"_id":{"$oid":"6699a928a152d242365fc37e"},"type":"smart phone","model":"bn20"}
{"_id":{"$oid":"6699a928a152d242365fc37f"},"type":"smart phone","model":"pk2"}
{"_id":{"$oid":"6699a928a152d242365fc380"},"type":"smart phone","model":"platina"}
{"_id":{"$oid":"6699a928a152d242365fc381"},"type":"smart phone","model":"xm23"}
{"_id":{"$oid":"6699a928a152d242365fc382"},"type":"smart phone","model":"platina"}
{"_id":{"$oid":"6699a928a152d242365fc383"},"type":"smart phone","model":"xm23"}
{"_id":{"$oid":"6699a928a152d242365fc384"},"type":"smart phone","model":"k9"}
{"_id":{"$oid":"6699a928a152d242365fc385"},"type":"smart phone","model":"c12"}
{"_id":{"$oid":"6699a928a152d242365fc386"},"type":"smart phone","model":"k9"}
{"_id":{"$oid":"6699a928a152d242365fc387"},"type":"smart phone","model":"cz"}
{"_id":{"$oid":"6699a928a152d242365fc388"},"type":"smart phone","model":"xm23"}
{"_id":{"$oid":"6699a928a152d242365fc389"},"type":"smart phone","model":"platina"}
{"_id":{"$oid":"6699a928a152d242365fc38a"},"type":"smart phone","model":"bn20"}
{"_id":{"$oid":"6699a928a152d242365fc38b"},"type":"smart phone","model":"c3"}
{"_id":{"$oid":"6699a928a152d242365fc38c"},"type":"smart phone","model":"pk2"}
{"_id":{"$oid":"6699a928a152d242365fc38d"},"type":"smart phone","model":"c3"}
{"_id":{"$oid":"6699a928a152d242365fc38e"},"type":"smart phone","model":"bn20"}
{"_id":{"$oid":"6699a928a152d242365fc38f"},"type":"smart phone","model":"c12"}
{"_id":{"$oid":"6699a928a152d242365fc390"},"type":"smart phone","model":"k9"}
{"_id":{"$oid":"6699a928a152d242365fc391"},"type":"smart phone","model":"c12"}
{"_id":{"$oid":"6699a928a152d242365fc392"},"type":"smart phone","model":"c3"}
{"_id":{"$oid":"6699a928a152d242365fc393"},"type":"smart phone","model":"cz"}
{"_id":{"$oid":"6699a928a152d242365fc394"},"type":"smart phone","model":"pk2"}
{"_id":{"$oid":"6699a928a152d242365fc395"},"type":"smart phone","model":"cz"}
{"_id":{"$oid":"6699a928a152d242365fc396"},"type":"laptop","model":"qw2"}
{"_id":{"$oid":"6699a928a152d242365fc397"},"type":"laptop","model":"ay9"}
{"_id":{"$oid":"6699a928a152d242365fc398"},"type":"laptop","model":"qw2"}
{"_id":{"$oid":"6699a928a152d242365fc399"},"type":"laptop","model":"zeta"}
{"_id":{"$oid":"6699a928a152d242365fc39a"},"type":"laptop","model":"zeta"}
{"_id":{"$oid":"6699a928a152d242365fc39b"},"type":"laptop","model":"jl3"}
{"_id":{"$oid":"6699a928a152d242365fc39c"},"type":"laptop","model":"zeta"}
{"_id":{"$oid":"6699a928a152d242365fc39d"},"type":"laptop","model":"c6"}
{"_id":{"$oid":"6699a928a152d242365fc39e"},"type":"laptop","model":"j3"}
{"_id":{"$oid":"6699a928a152d242365fc39f"},"type":"laptop","model":"jl3"}
{"_id":{"$oid":"6699a928a152d242365fc3a0"},"type":"laptop","model":"ay9"}
{"_id":{"$oid":"6699a928a152d242365fc3a1"},"type":"laptop","model":"ki2"}
{"_id":{"$oid":"6699a928a152d242365fc3a2"},"type":"laptop","model":"ki2"}
{"_id":{"$oid":"6699a928a152d242365fc3a3"},"type":"laptop","model":"ki2"}
{"_id":{"$oid":"6699a928a152d242365fc3a4"},"type":"laptop","model":"k12"}
{"_id":{"$oid":"6699a928a152d242365fc3a5"},"type":"laptop","model":"qw2"}
{"_id":{"$oid":"6699a928a152d242365fc3a6"},"type":"laptop","model":"ay9"}
{"_id":{"$oid":"6699a928a152d242365fc3a7"},"type":"laptop","model":"k12"}
{"_id":{"$oid":"6699a928a152d242365fc3a8"},"type":"laptop","model":"ki2"}
{"_id":{"$oid":"6699a928a152d242365fc3a9"},"type":"laptop","model":"kz"}
{"_id":{"$oid":"6699a928a152d242365fc3aa"},"type":"laptop","model":"qw2"}
{"_id":{"$oid":"6699a928a152d242365fc3ab"},"type":"laptop","model":"qw2"}
{"_id":{"$oid":"6699a928a152d242365fc3ac"},"type":"laptop","model":"c6"}
{"_id":{"$oid":"6699a928a152d242365fc3ad"},"type":"laptop","model":"k12"}
{"_id":{"$oid":"6699a928a152d242365fc3ae"},"type":"laptop","model":"qw2"}
{"_id":{"$oid":"6699a928a152d242365fc3af"},"type":"laptop","model":"zeta"}
{"_id":{"$oid":"6699a928a152d242365fc3b0"},"type":"laptop","model":"k12"}
{"_id":{"$oid":"6699a928a152d242365fc3b1"},"type":"laptop","model":"k12"}
{"_id":{"$oid":"6699a928a152d242365fc3b2"},"type":"laptop","model":"ay9"}
{"_id":{"$oid":"6699a928a152d242365fc3b3"},"type":"laptop","model":"kz"}
{"_id":{"$oid":"6699a928a152d242365fc3b4"},"type":"laptop","model":"c6"}
{"_id":{"$oid":"6699a928a152d242365fc3b5"},"type":"laptop","model":"jl3"}
{"_id":{"$oid":"6699a928a152d242365fc3b6"},"type":"laptop","model":"ki2"}
{"_id":{"$oid":"6699a928a152d242365fc3b7"},"type":"laptop","model":"kz"}
{"_id":{"$oid":"6699a928a152d242365fc3b8"},"type":"laptop","model":"zeta"}
{"_id":{"$oid":"6699a928a152d242365fc3b9"},"type":"laptop","model":"jl3"}
{"_id":{"$oid":"6699a928a152d242365fc3ba"},"type":"laptop","model":"zeta"}
{"_id":{"$oid":"6699a928a152d242365fc3bb"},"type":"laptop","model":"j3"}
{"_id":{"$oid":"6699a928a152d242365fc3bc"},"type":"laptop","model":"qw2"}
{"_id":{"$oid":"6699a928a152d242365fc3bd"},"type":"laptop","model":"ay9"}
{"_id":{"$oid":"6699a928a152d242365fc3be"},"type":"laptop","model":"k12"}
{"_id":{"$oid":"6699a928a152d242365fc3bf"},"type":"laptop","model":"ay9"}
{"_id":{"$oid":"6699a928a152d242365fc3c0"},"type":"laptop","model":"c6"}
{"_id":{"$oid":"6699a928a152d242365fc3c1"},"type":"laptop","model":"zeta"}
{"_id":{"$oid":"6699a928a152d242365fc3c2"},"type":"laptop","model":"j3"}
{"_id":{"$oid":"6699a928a152d242365fc3c3"},"type":"laptop","model":"ay9"}
{"_id":{"$oid":"6699a928a152d242365fc3c4"},"type":"laptop","model":"jl3"}
{"_id":{"$oid":"6699a928a152d242365fc3c5"},"type":"laptop","model":"k12"}
{"_id":{"$oid":"6699a928a152d242365fc3c6"},"type":"laptop","model":"k12"}
{"_id":{"$oid":"6699a928a152d242365fc3c7"},"type":"laptop","model":"qw2"}
{"_id":{"$oid":"6699a928a152d242365fc3c8"},"type":"laptop","model":"jl3"}
{"_id":{"$oid":"6699a928a152d242365fc3c9"},"type":"laptop","model":"ki2"}
{"_id":{"$oid":"6699a928a152d242365fc3ca"},"type":"laptop","model":"k12"}
{"_id":{"$oid":"6699a928a152d242365fc3cb"},"type":"laptop","model":"kz"}
{"_id":{"$oid":"6699a928a152d242365fc3cc"},"type":"laptop","model":"j3"}
{"_id":{"$oid":"6699a928a152d242365fc3cd"},"type":"laptop","model":"qw2"}
{"_id":{"$oid":"6699a928a152d242365fc3ce"},"type":"laptop","model":"k12"}
{"_id":{"$oid":"6699a928a152d242365fc3cf"},"type":"laptop","model":"jl3"}
{"_id":{"$oid":"6699a928a152d242365fc3d0"},"type":"laptop","model":"qw2"}
{"_id":{"$oid":"6699a928a152d242365fc3d1"},"type":"laptop","model":"jl3"}
{"_id":{"$oid":"6699a928a152d242365fc3d2"},"type":"laptop","model":"j3"}
{"_id":{"$oid":"6699a928a152d242365fc3d3"},"type":"laptop","model":"ki2"}
{"_id":{"$oid":"6699a928a152d242365fc3d4"},"type":"laptop","model":"kz"}
{"_id":{"$oid":"6699a928a152d242365fc3d5"},"type":"laptop","model":"j3"}
{"_id":{"$oid":"6699a928a152d242365fc3d6"},"type":"laptop","model":"qw2"}
{"_id":{"$oid":"6699a928a152d242365fc3d7"},"type":"laptop","model":"ay9"}
{"_id":{"$oid":"6699a928a152d242365fc3d8"},"type":"laptop","model":"kz"}
{"_id":{"$oid":"6699a928a152d242365fc3d9"},"type":"laptop","model":"ay9"}
{"_id":{"$oid":"6699a928a152d242365fc3da"},"type":"laptop","model":"ay9"}
{"_id":{"$oid":"6699a928a152d242365fc3db"},"type":"laptop","model":"kz"}
{"_id":{"$oid":"6699a928a152d242365fc3dc"},"type":"laptop","model":"j3"}
{"_id":{"$oid":"6699a928a152d242365fc3dd"},"type":"laptop","model":"c6"}
{"_id":{"$oid":"6699a928a152d242365fc3de"},"type":"laptop","model":"ki2"}
{"_id":{"$oid":"6699a928a152d242365fc3df"},"type":"laptop","model":"ki2"}
{"_id":{"$oid":"6699a928a152d242365fc3e0"},"type":"laptop","model":"k12"}
{"_id":{"$oid":"6699a928a152d242365fc3e1"},"type":"laptop","model":"k12"}
{"_id":{"$oid":"6699a928a152d242365fc3e2"},"type":"laptop","model":"qw2"}
{"_id":{"$oid":"6699a928a152d242365fc3e3"},"type":"laptop","model":"ki2"}
{"_id":{"$oid":"6699a928a152d242365fc3e4"},"type":"laptop","model":"zeta"}
{"_id":{"$oid":"6699a928a152d242365fc3e5"},"type":"laptop","model":"kz"}
{"_id":{"$oid":"6699a928a152d242365fc3e6"},"type":"laptop","model":"zeta"}
{"_id":{"$oid":"6699a928a152d242365fc3e7"},"type":"laptop","model":"qw2"}
{"_id":{"$oid":"6699a928a152d242365fc3e8"},"type":"laptop","model":"qw2"}
{"_id":{"$oid":"6699a928a152d242365fc3e9"},"type":"laptop","model":"qw2"}
{"_id":{"$oid":"6699a928a152d242365fc3ea"},"type":"laptop","model":"j3"}
{"_id":{"$oid":"6699a928a152d242365fc3eb"},"type":"laptop","model":"k12"}
{"_id":{"$oid":"6699a928a152d242365fc3ec"},"type":"laptop","model":"c6"}
{"_id":{"$oid":"6699a928a152d242365fc3ed"},"type":"laptop","model":"ki2"}
{"_id":{"$oid":"6699a928a152d242365fc3ee"},"type":"laptop","model":"k12"}
{"_id":{"$oid":"6699a928a152d242365fc3ef"},"type":"laptop","model":"k12"}
{"_id":{"$oid":"6699a928a152d242365fc3f0"},"type":"laptop","model":"k12"}
{"_id":{"$oid":"6699a928a152d242365fc3f1"},"type":"laptop","model":"kz"}
{"_id":{"$oid":"6699a928a152d242365fc3f2"},"type":"laptop","model":"k12"}
{"_id":{"$oid":"6699a928a152d242365fc3f3"},"type":"laptop","model":"kz"}
{"_id":{"$oid":"6699a928a152d242365fc3f4"},"type":"laptop","model":"ay9"}
{"_id":{"$oid":"6699a928a152d242365fc3f5"},"type":"laptop","model":"k12"}
{"_id":{"$oid":"6699a928a152d242365fc3f6"},"type":"laptop","model":"k12"}
{"_id":{"$oid":"6699a928a152d242365fc3f7"},"type":"laptop","model":"kz"}
{"_id":{"$oid":"6699a928a152d242365fc3f8"},"type":"laptop","model":"jl3"}
{"_id":{"$oid":"6699a928a152d242365fc3f9"},"type":"laptop","model":"ay9"}
{"_id":{"$oid":"6699a928a152d242365fc3fa"},"type":"laptop","model":"ay9"}
{"_id":{"$oid":"6699a928a152d242365fc3fb"},"type":"laptop","model":"ay9"}
{"_id":{"$oid":"6699a928a152d242365fc3fc"},"type":"laptop","model":"c6"}
{"_id":{"$oid":"6699a928a152d242365fc3fd"},"type":"laptop","model":"kz"}
{"_id":{"$oid":"6699a928a152d242365fc3fe"},"type":"laptop","model":"j3"}
{"_id":{"$oid":"6699a928a152d242365fc3ff"},"type":"laptop","model":"kz"}
{"_id":{"$oid":"6699a928a152d242365fc400"},"type":"laptop","model":"ay9"}
{"_id":{"$oid":"6699a928a152d242365fc401"},"type":"laptop","model":"j3"}
{"_id":{"$oid":"6699a928a152d242365fc402"},"type":"laptop","model":"c6"}
{"_id":{"$oid":"6699a928a152d242365fc403"},"type":"laptop","model":"k12"}
{"_id":{"$oid":"6699a928a152d242365fc404"},"type":"laptop","model":"c6"}
{"_id":{"$oid":"6699a928a152d242365fc405"},"type":"laptop","model":"kz"}
{"_id":{"$oid":"6699a928a152d242365fc406"},"type":"laptop","model":"qw2"}
{"_id":{"$oid":"6699a928a152d242365fc407"},"type":"laptop","model":"ay9"}
{"_id":{"$oid":"6699a928a152d242365fc408"},"type":"laptop","model":"ay9"}
{"_id":{"$oid":"6699a928a152d242365fc409"},"type":"laptop","model":"kz"}
{"_id":{"$oid":"6699a928a152d242365fc40a"},"type":"laptop","model":"c6"}
{"_id":{"$oid":"6699a928a152d242365fc40b"},"type":"laptop","model":"j3"}
{"_id":{"$oid":"6699a928a152d242365fc40c"},"type":"laptop","model":"ki2"}
{"_id":{"$oid":"6699a928a152d242365fc40d"},"type":"laptop","model":"c6"}
{"_id":{"$oid":"6699a928a152d242365fc40e"},"type":"laptop","model":"kz"}
{"_id":{"$oid":"6699a928a152d242365fc40f"},"type":"laptop","model":"ay9"}
{"_id":{"$oid":"6699a928a152d242365fc410"},"type":"laptop","model":"ki2"}
{"_id":{"$oid":"6699a928a152d242365fc411"},"type":"laptop","model":"ki2"}
{"_id":{"$oid":"6699a928a152d242365fc412"},"type":"laptop","model":"k12"}
{"_id":{"$oid":"6699a928a152d242365fc413"},"type":"laptop","model":"ki2"}
{"_id":{"$oid":"6699a928a152d242365fc414"},"type":"laptop","model":"j3"}
{"_id":{"$oid":"6699a928a152d242365fc415"},"type":"laptop","model":"ki2"}
{"_id":{"$oid":"6699a928a152d242365fc416"},"type":"laptop","model":"k12"}
{"_id":{"$oid":"6699a928a152d242365fc417"},"type":"laptop","model":"kz"}
{"_id":{"$oid":"6699a928a152d242365fc418"},"type":"laptop","model":"c6"}
{"_id":{"$oid":"6699a928a152d242365fc419"},"type":"laptop","model":"qw2"}
{"_id":{"$oid":"6699a928a152d242365fc41a"},"type":"laptop","model":"kz"}
{"_id":{"$oid":"6699a928a152d242365fc41b"},"type":"laptop","model":"kz"}
{"_id":{"$oid":"6699a928a152d242365fc41c"},"type":"laptop","model":"zeta"}
{"_id":{"$oid":"6699a928a152d242365fc41d"},"type":"laptop","model":"ki2"}
{"_id":{"$oid":"6699a928a152d242365fc41e"},"type":"laptop","model":"k12"}
{"_id":{"$oid":"6699a928a152d242365fc41f"},"type":"laptop","model":"jl3"}
{"_id":{"$oid":"6699a928a152d242365fc420"},"type":"laptop","model":"k12"}
{"_id":{"$oid":"6699a928a152d242365fc421"},"type":"laptop","model":"k12"}
{"_id":{"$oid":"6699a928a152d242365fc422"},"type":"laptop","model":"ki2"}
{"_id":{"$oid":"6699a928a152d242365fc423"},"type":"laptop","model":"ki2"}
{"_id":{"$oid":"6699a928a152d242365fc424"},"type":"laptop","model":"zeta"}
{"_id":{"$oid":"6699a928a152d242365fc425"},"type":"laptop","model":"qw2"}
{"_id":{"$oid":"6699a928a152d242365fc426"},"type":"laptop","model":"ay9"}
{"_id":{"$oid":"6699a928a152d242365fc427"},"type":"laptop","model":"zeta"}
{"_id":{"$oid":"6699a928a152d242365fc428"},"type":"laptop","model":"kz"}
{"_id":{"$oid":"6699a928a152d242365fc429"},"type":"laptop","model":"c6"}
{"_id":{"$oid":"6699a928a152d242365fc42a"},"type":"laptop","model":"k12"}
{"_id":{"$oid":"6699a928a152d242365fc42b"},"type":"laptop","model":"qw2"}
{"_id":{"$oid":"6699a928a152d242365fc42c"},"type":"laptop","model":"j3"}
{"_id":{"$oid":"6699a928a152d242365fc42d"},"type":"laptop","model":"ay9"}
{"_id":{"$oid":"6699a928a152d242365fc42e"},"type":"laptop","model":"zeta"}
{"_id":{"$oid":"6699a928a152d242365fc42f"},"type":"laptop","model":"c6"}
{"_id":{"$oid":"6699a928a152d242365fc430"},"type":"laptop","model":"ki2"}
{"_id":{"$oid":"6699a928a152d242365fc431"},"type":"laptop","model":"ay9"}
{"_id":{"$oid":"6699a928a152d242365fc432"},"type":"laptop","model":"zeta"}
{"_id":{"$oid":"6699a928a152d242365fc433"},"type":"laptop","model":"ki2"}
{"_id":{"$oid":"6699a928a152d242365fc434"},"type":"laptop","model":"ay9"}
{"_id":{"$oid":"6699a928a152d242365fc435"},"type":"laptop","model":"qw2"}
{"_id":{"$oid":"6699a928a152d242365fc436"},"type":"laptop","model":"k12"}
{"_id":{"$oid":"6699a928a152d242365fc437"},"type":"laptop","model":"ki2"}
{"_id":{"$oid":"6699a928a152d242365fc438"},"type":"laptop","model":"jl3"}
{"_id":{"$oid":"6699a928a152d242365fc439"},"type":"laptop","model":"jl3"}
{"_id":{"$oid":"6699a928a152d242365fc43a"},"type":"laptop","model":"ay9"}
{"_id":{"$oid":"6699a928a152d242365fc43b"},"type":"laptop","model":"zeta"}
{"_id":{"$oid":"6699a928a152d242365fc43c"},"type":"laptop","model":"jl3"}
{"_id":{"$oid":"6699a928a152d242365fc43d"},"type":"laptop","model":"jl3"}
{"_id":{"$oid":"6699a928a152d242365fc43e"},"type":"laptop","model":"ay9"}
{"_id":{"$oid":"6699a928a152d242365fc43f"},"type":"laptop","model":"jl3"}
{"_id":{"$oid":"6699a928a152d242365fc440"},"type":"laptop","model":"ay9"}
{"_id":{"$oid":"6699a928a152d242365fc441"},"type":"laptop","model":"qw2"}
{"_id":{"$oid":"6699a928a152d242365fc442"},"type":"laptop","model":"jl3"}
{"_id":{"$oid":"6699a928a152d242365fc443"},"type":"laptop","model":"zeta"}
{"_id":{"$oid":"6699a928a152d242365fc444"},"type":"laptop","model":"ki2"}
{"_id":{"$oid":"6699a928a152d242365fc445"},"type":"laptop","model":"c6"}
{"_id":{"$oid":"6699a928a152d242365fc446"},"type":"laptop","model":"kz"}
{"_id":{"$oid":"6699a928a152d242365fc447"},"type":"laptop","model":"ki2"}
{"_id":{"$oid":"6699a928a152d242365fc448"},"type":"laptop","model":"c6"}
{"_id":{"$oid":"6699a928a152d242365fc449"},"type":"laptop","model":"qw2"}
{"_id":{"$oid":"6699a928a152d242365fc44a"},"type":"laptop","model":"kz"}
{"_id":{"$oid":"6699a928a152d242365fc44b"},"type":"laptop","model":"zeta"}
{"_id":{"$oid":"6699a928a152d242365fc44c"},"type":"laptop","model":"c6"}
{"_id":{"$oid":"6699a928a152d242365fc44d"},"type":"laptop","model":"kz"}
{"_id":{"$oid":"6699a928a152d242365fc44e"},"type":"laptop","model":"jl3"}
{"_id":{"$oid":"6699a928a152d242365fc44f"},"type":"laptop","model":"ay9"}
{"_id":{"$oid":"6699a928a152d242365fc450"},"type":"laptop","model":"kz"}
{"_id":{"$oid":"6699a928a152d242365fc451"},"type":"laptop","model":"ay9"}
{"_id":{"$oid":"6699a928a152d242365fc452"},"type":"laptop","model":"ay9"}
{"_id":{"$oid":"6699a928a152d242365fc453"},"type":"laptop","model":"jl3"}
{"_id":{"$oid":"6699a928a152d242365fc454"},"type":"laptop","model":"j3"}
{"_id":{"$oid":"6699a928a152d242365fc455"},"type":"laptop","model":"qw2"}
{"_id":{"$oid":"6699a928a152d242365fc456"},"type":"laptop","model":"ki2"}
{"_id":{"$oid":"6699a928a152d242365fc457"},"type":"laptop","model":"c6"}
{"_id":{"$oid":"6699a928a152d242365fc458"},"type":"laptop","model":"k12"}
{"_id":{"$oid":"6699a928a152d242365fc459"},"type":"laptop","model":"j3"}
{"_id":{"$oid":"6699a928a152d242365fc45a"},"type":"laptop","model":"jl3"}
{"_id":{"$oid":"6699a928a152d242365fc45b"},"type":"laptop","model":"ay9"}
{"_id":{"$oid":"6699a928a152d242365fc45c"},"type":"laptop","model":"zeta"}
{"_id":{"$oid":"6699a928a152d242365fc45d"},"type":"laptop","model":"ki2"}
{"_id":{"$oid":"6699a928a152d242365fc45e"},"type":"laptop","model":"k12"}
{"_id":{"$oid":"6699a928a152d242365fc45f"},"type":"laptop","model":"ki2"}
{"_id":{"$oid":"6699a928a152d242365fc460"},"type":"laptop","model":"kz"}
{"_id":{"$oid":"6699a928a152d242365fc461"},"type":"laptop","model":"j3"}
{"_id":{"$oid":"6699a928a152d242365fc462"},"type":"laptop","model":"c6"}
{"_id":{"$oid":"6699a928a152d242365fc463"},"type":"laptop","model":"c6"}
{"_id":{"$oid":"6699a928a152d242365fc464"},"type":"laptop","model":"ki2"}
{"_id":{"$oid":"6699a928a152d242365fc465"},"type":"laptop","model":"ay9"}
{"_id":{"$oid":"6699a928a152d242365fc466"},"type":"laptop","model":"jl3"}
{"_id":{"$oid":"6699a928a152d242365fc467"},"type":"laptop","model":"kz"}
{"_id":{"$oid":"6699a928a152d242365fc468"},"type":"laptop","model":"zeta"}
{"_id":{"$oid":"6699a928a152d242365fc469"},"type":"laptop","model":"kz"}
{"_id":{"$oid":"6699a928a152d242365fc46a"},"type":"laptop","model":"j3"}
{"_id":{"$oid":"6699a928a152d242365fc46b"},"type":"laptop","model":"k12"}
{"_id":{"$oid":"6699a928a152d242365fc46c"},"type":"laptop","model":"c6"}
{"_id":{"$oid":"6699a928a152d242365fc46d"},"type":"laptop","model":"zeta"}
{"_id":{"$oid":"6699a928a152d242365fc46e"},"type":"laptop","model":"ki2"}
{"_id":{"$oid":"6699a928a152d242365fc46f"},"type":"laptop","model":"qw2"}
{"_id":{"$oid":"6699a928a152d242365fc470"},"type":"laptop","model":"jl3"}
{"_id":{"$oid":"6699a928a152d242365fc471"},"type":"laptop","model":"zeta"}
{"_id":{"$oid":"6699a928a152d242365fc472"},"type":"laptop","model":"j3"}
{"_id":{"$oid":"6699a928a152d242365fc473"},"type":"laptop","model":"k12"}
{"_id":{"$oid":"6699a928a152d242365fc474"},"type":"laptop","model":"jl3"}
{"_id":{"$oid":"6699a928a152d242365fc475"},"type":"laptop","model":"ki2"}
{"_id":{"$oid":"6699a928a152d242365fc476"},"type":"laptop","model":"c6"}
{"_id":{"$oid":"6699a928a152d242365fc477"},"type":"laptop","model":"c6"}
{"_id":{"$oid":"6699a928a152d242365fc478"},"type":"laptop","model":"j3"}
{"_id":{"$oid":"6699a928a152d242365fc479"},"type":"laptop","model":"jl3"}
{"_id":{"$oid":"6699a928a152d242365fc47a"},"type":"laptop","model":"jl3"}
{"_id":{"$oid":"6699a928a152d242365fc47b"},"type":"laptop","model":"kz"}
{"_id":{"$oid":"6699a928a152d242365fc47c"},"type":"laptop","model":"j3"}
{"_id":{"$oid":"6699a928a152d242365fc47d"},"type":"laptop","model":"k12"}
{"_id":{"$oid":"6699a928a152d242365fc47e"},"type":"laptop","model":"jl3"}
{"_id":{"$oid":"6699a928a152d242365fc47f"},"type":"laptop","model":"kz"}
{"_id":{"$oid":"6699a928a152d242365fc480"},"type":"laptop","model":"ay9"}
{"_id":{"$oid":"6699a928a152d242365fc481"},"type":"laptop","model":"c6"}
{"_id":{"$oid":"6699a928a152d242365fc482"},"type":"laptop","model":"ay9"}
{"_id":{"$oid":"6699a928a152d242365fc483"},"type":"laptop","model":"qw2"}
{"_id":{"$oid":"6699a928a152d242365fc484"},"type":"laptop","model":"kz"}
{"_id":{"$oid":"6699a928a152d242365fc485"},"type":"laptop","model":"ay9"}
{"_id":{"$oid":"6699a928a152d242365fc486"},"type":"laptop","model":"j3"}
{"_id":{"$oid":"6699a928a152d242365fc487"},"type":"laptop","model":"zeta"}
{"_id":{"$oid":"6699a928a152d242365fc488"},"type":"laptop","model":"ki2"}
{"_id":{"$oid":"6699a928a152d242365fc489"},"type":"laptop","model":"c6"}
{"_id":{"$oid":"6699a928a152d242365fc48a"},"type":"laptop","model":"kz"}
{"_id":{"$oid":"6699a928a152d242365fc48b"},"type":"laptop","model":"j3"}
{"_id":{"$oid":"6699a928a152d242365fc48c"},"type":"laptop","model":"j3"}
{"_id":{"$oid":"6699a928a152d242365fc48d"},"type":"laptop","model":"ay9"}
{"_id":{"$oid":"6699a928a152d242365fc48e"},"type":"laptop","model":"jl3"}
{"_id":{"$oid":"6699a928a152d242365fc48f"},"type":"laptop","model":"c6"}
{"_id":{"$oid":"6699a928a152d242365fc490"},"type":"laptop","model":"j3"}
{"_id":{"$oid":"6699a928a152d242365fc491"},"type":"laptop","model":"ay9"}
{"_id":{"$oid":"6699a928a152d242365fc492"},"type":"laptop","model":"zeta"}
{"_id":{"$oid":"6699a928a152d242365fc493"},"type":"laptop","model":"ki2"}
{"_id":{"$oid":"6699a928a152d242365fc494"},"type":"laptop","model":"qw2"}
{"_id":{"$oid":"6699a928a152d242365fc495"},"type":"laptop","model":"zeta"}
{"_id":{"$oid":"6699a928a152d242365fc496"},"type":"laptop","model":"kz"}
{"_id":{"$oid":"6699a928a152d242365fc497"},"type":"laptop","model":"c6"}
{"_id":{"$oid":"6699a928a152d242365fc498"},"type":"laptop","model":"c6"}
{"_id":{"$oid":"6699a928a152d242365fc499"},"type":"laptop","model":"kz"}
{"_id":{"$oid":"6699a928a152d242365fc49a"},"type":"laptop","model":"k12"}
{"_id":{"$oid":"6699a928a152d242365fc49b"},"type":"laptop","model":"kz"}
{"_id":{"$oid":"6699a928a152d242365fc49c"},"type":"laptop","model":"ay9"}
{"_id":{"$oid":"6699a928a152d242365fc49d"},"type":"laptop","model":"j3"}
{"_id":{"$oid":"6699a928a152d242365fc49e"},"type":"laptop","model":"ki2"}
{"_id":{"$oid":"6699a928a152d242365fc49f"},"type":"laptop","model":"ki2"}
{"_id":{"$oid":"6699a928a152d242365fc4a0"},"type":"laptop","model":"c6"}
{"_id":{"$oid":"6699a928a152d242365fc4a1"},"type":"laptop","model":"kz"}
{"_id":{"$oid":"6699a928a152d242365fc4a2"},"type":"laptop","model":"ki2"}
{"_id":{"$oid":"6699a928a152d242365fc4a3"},"type":"laptop","model":"qw2"}
{"_id":{"$oid":"6699a928a152d242365fc4a4"},"type":"laptop","model":"kz"}
{"_id":{"$oid":"6699a928a152d242365fc4a5"},"type":"laptop","model":"qw2"}
{"_id":{"$oid":"6699a928a152d242365fc4a6"},"type":"laptop","model":"qw2"}
{"_id":{"$oid":"6699a928a152d242365fc4a7"},"type":"laptop","model":"ki2"}
{"_id":{"$oid":"6699a928a152d242365fc4a8"},"type":"laptop","model":"jl3"}
{"_id":{"$oid":"6699a928a152d242365fc4a9"},"type":"laptop","model":"qw2"}
{"_id":{"$oid":"6699a928a152d242365fc4aa"},"type":"laptop","model":"j3"}
{"_id":{"$oid":"6699a928a152d242365fc4ab"},"type":"laptop","model":"c6"}
{"_id":{"$oid":"6699a928a152d242365fc4ac"},"type":"laptop","model":"jl3"}
{"_id":{"$oid":"6699a928a152d242365fc4ad"},"type":"laptop","model":"qw2"}
{"_id":{"$oid":"6699a928a152d242365fc4ae"},"type":"laptop","model":"c6"}
{"_id":{"$oid":"6699a928a152d242365fc4af"},"type":"laptop","model":"zeta"}
{"_id":{"$oid":"6699a928a152d242365fc4b0"},"type":"laptop","model":"ay9"}
{"_id":{"$oid":"6699a928a152d242365fc4b1"},"type":"laptop","model":"j3"}
{"_id":{"$oid":"6699a928a152d242365fc4b2"},"type":"laptop","model":"j3"}
{"_id":{"$oid":"6699a928a152d242365fc4b3"},"type":"laptop","model":"c6"}
{"_id":{"$oid":"6699a928a152d242365fc4b4"},"type":"laptop","model":"k12"}
{"_id":{"$oid":"6699a928a152d242365fc4b5"},"type":"laptop","model":"c6"}
{"_id":{"$oid":"6699a928a152d242365fc4b6"},"type":"laptop","model":"j3"}
{"_id":{"$oid":"6699a928a152d242365fc4b7"},"type":"laptop","model":"ki2"}
{"_id":{"$oid":"6699a928a152d242365fc4b8"},"type":"laptop","model":"ay9"}
{"_id":{"$oid":"6699a928a152d242365fc4b9"},"type":"laptop","model":"qw2"}
{"_id":{"$oid":"6699a928a152d242365fc4ba"},"type":"laptop","model":"c6"}
{"_id":{"$oid":"6699a928a152d242365fc4bb"},"type":"laptop","model":"k12"}
{"_id":{"$oid":"6699a928a152d242365fc4bc"},"type":"laptop","model":"c6"}
{"_id":{"$oid":"6699a928a152d242365fc4bd"},"type":"laptop","model":"qw2"}
{"_id":{"$oid":"6699a928a152d242365fc4be"},"type":"laptop","model":"jl3"}
{"_id":{"$oid":"6699a928a152d242365fc4bf"},"type":"laptop","model":"jl3"}
{"_id":{"$oid":"6699a928a152d242365fc4c0"},"type":"laptop","model":"ay9"}
{"_id":{"$oid":"6699a928a152d242365fc4c1"},"type":"laptop","model":"j3"}
{"_id":{"$oid":"6699a928a152d242365fc4c2"},"type":"laptop","model":"k12"}
{"_id":{"$oid":"6699a928a152d242365fc4c3"},"type":"laptop","model":"k12"}
{"_id":{"$oid":"6699a928a152d242365fc4c4"},"type":"laptop","model":"zeta"}
{"_id":{"$oid":"6699a928a152d242365fc4c5"},"type":"laptop","model":"k12"}
{"_id":{"$oid":"6699a928a152d242365fc4c6"},"type":"laptop","model":"jl3"}
{"_id":{"$oid":"6699a928a152d242365fc4c7"},"type":"laptop","model":"k12"}
{"_id":{"$oid":"6699a928a152d242365fc4c8"},"type":"laptop","model":"kz"}
{"_id":{"$oid":"6699a928a152d242365fc4c9"},"type":"laptop","model":"zeta"}
{"_id":{"$oid":"6699a928a152d242365fc4ca"},"type":"laptop","model":"zeta"}
{"_id":{"$oid":"6699a928a152d242365fc4cb"},"type":"laptop","model":"c6"}
{"_id":{"$oid":"6699a928a152d242365fc4cc"},"type":"laptop","model":"ki2"}
{"_id":{"$oid":"6699a928a152d242365fc4cd"},"type":"laptop","model":"qw2"}
{"_id":{"$oid":"6699a928a152d242365fc4ce"},"type":"laptop","model":"j3"}
{"_id":{"$oid":"6699a928a152d242365fc4cf"},"type":"laptop","model":"jl3"}
{"_id":{"$oid":"6699a928a152d242365fc4d0"},"type":"laptop","model":"zeta"}
{"_id":{"$oid":"6699a928a152d242365fc4d1"},"type":"laptop","model":"zeta"}
{"_id":{"$oid":"6699a928a152d242365fc4d2"},"type":"laptop","model":"ki2"}
{"_id":{"$oid":"6699a928a152d242365fc4d3"},"type":"laptop","model":"k12"}
{"_id":{"$oid":"6699a928a152d242365fc4d4"},"type":"laptop","model":"jl3"}
{"_id":{"$oid":"6699a928a152d242365fc4d5"},"type":"laptop","model":"j3"}
{"_id":{"$oid":"6699a928a152d242365fc4d6"},"type":"laptop","model":"qw2"}
{"_id":{"$oid":"6699a928a152d242365fc4d7"},"type":"laptop","model":"jl3"}
{"_id":{"$oid":"6699a928a152d242365fc4d8"},"type":"laptop","model":"qw2"}
{"_id":{"$oid":"6699a928a152d242365fc4d9"},"type":"laptop","model":"j3"}
{"_id":{"$oid":"6699a928a152d242365fc4da"},"type":"laptop","model":"jl3"}
{"_id":{"$oid":"6699a928a152d242365fc4db"},"type":"laptop","model":"ki2"}
{"_id":{"$oid":"6699a928a152d242365fc4dc"},"type":"laptop","model":"ay9"}
{"_id":{"$oid":"6699a928a152d242365fc4dd"},"type":"laptop","model":"jl3"}
{"_id":{"$oid":"6699a928a152d242365fc4de"},"type":"laptop","model":"k12"}
{"_id":{"$oid":"6699a928a152d242365fc4df"},"type":"laptop","model":"qw2"}
{"_id":{"$oid":"6699a928a152d242365fc4e0"},"type":"laptop","model":"qw2"}
{"_id":{"$oid":"6699a928a152d242365fc4e1"},"type":"laptop","model":"kz"}
{"_id":{"$oid":"6699a928a152d242365fc4e2"},"type":"laptop","model":"zeta"}
{"_id":{"$oid":"6699a928a152d242365fc4e3"},"type":"laptop","model":"jl3"}
{"_id":{"$oid":"6699a928a152d242365fc4e4"},"type":"laptop","model":"jl3"}
{"_id":{"$oid":"6699a928a152d242365fc4e5"},"type":"laptop","model":"zeta"}
{"_id":{"$oid":"6699a928a152d242365fc4e6"},"type":"laptop","model":"k12"}
{"_id":{"$oid":"6699a928a152d242365fc4e7"},"type":"laptop","model":"kz"}
{"_id":{"$oid":"6699a928a152d242365fc4e8"},"type":"laptop","model":"c6"}
{"_id":{"$oid":"6699a928a152d242365fc4e9"},"type":"laptop","model":"jl3"}
{"_id":{"$oid":"6699a928a152d242365fc4ea"},"type":"laptop","model":"zeta"}
{"_id":{"$oid":"6699a928a152d242365fc4eb"},"type":"laptop","model":"zeta"}
{"_id":{"$oid":"6699a928a152d242365fc4ec"},"type":"laptop","model":"jl3"}
{"_id":{"$oid":"6699a928a152d242365fc4ed"},"type":"laptop","model":"j3"}
{"_id":{"$oid":"6699a928a152d242365fc4ee"},"type":"laptop","model":"j3"}
{"_id":{"$oid":"6699a928a152d242365fc4ef"},"type":"laptop","model":"j3"}
{"_id":{"$oid":"6699a928a152d242365fc4f0"},"type":"laptop","model":"zeta"}
{"_id":{"$oid":"6699a928a152d242365fc4f1"},"type":"laptop","model":"zeta"}
{"_id":{"$oid":"6699a928a152d242365fc4f2"},"type":"laptop","model":"ki2"}
{"_id":{"$oid":"6699a928a152d242365fc4f3"},"type":"laptop","model":"c6"}
{"_id":{"$oid":"6699a928a152d242365fc4f4"},"type":"laptop","model":"j3"}
{"_id":{"$oid":"6699a928a152d242365fc4f5"},"type":"laptop","model":"ay9"}
{"_id":{"$oid":"6699a928a152d242365fc4f6"},"type":"laptop","model":"k12"}
{"_id":{"$oid":"6699a928a152d242365fc4f7"},"type":"laptop","model":"ki2"}
{"_id":{"$oid":"6699a928a152d242365fc4f8"},"type":"laptop","model":"jl3"}
{"_id":{"$oid":"6699a928a152d242365fc4f9"},"type":"laptop","model":"ki2"}
{"_id":{"$oid":"6699a928a152d242365fc4fa"},"type":"laptop","model":"c6"}
{"_id":{"$oid":"6699a928a152d242365fc4fb"},"type":"laptop","model":"k12"}
{"_id":{"$oid":"6699a928a152d242365fc4fc"},"type":"laptop","model":"jl3"}
{"_id":{"$oid":"6699a928a152d242365fc4fd"},"type":"laptop","model":"zeta"}
{"_id":{"$oid":"6699a928a152d242365fc4fe"},"type":"laptop","model":"ay9"}
{"_id":{"$oid":"6699a928a152d242365fc4ff"},"type":"laptop","model":"k12"}
{"_id":{"$oid":"6699a928a152d242365fc500"},"type":"laptop","model":"zeta"}
{"_id":{"$oid":"6699a928a152d242365fc501"},"type":"laptop","model":"ki2"}
{"_id":{"$oid":"6699a928a152d242365fc502"},"type":"laptop","model":"ay9"}
{"_id":{"$oid":"6699a928a152d242365fc503"},"type":"laptop","model":"qw2"}
{"_id":{"$oid":"6699a928a152d242365fc504"},"type":"laptop","model":"kz"}
{"_id":{"$oid":"6699a928a152d242365fc505"},"type":"laptop","model":"jl3"}
{"_id":{"$oid":"6699a928a152d242365fc506"},"type":"laptop","model":"c6"}
{"_id":{"$oid":"6699a928a152d242365fc507"},"type":"laptop","model":"ki2"}
{"_id":{"$oid":"6699a928a152d242365fc508"},"type":"laptop","model":"qw2"}
{"_id":{"$oid":"6699a928a152d242365fc509"},"type":"laptop","model":"j3"}
{"_id":{"$oid":"6699a928a152d242365fc50a"},"type":"laptop","model":"zeta"}
{"_id":{"$oid":"6699a928a152d242365fc50b"},"type":"laptop","model":"j3"}
{"_id":{"$oid":"6699a928a152d242365fc50c"},"type":"laptop","model":"qw2"}
{"_id":{"$oid":"6699a928a152d242365fc50d"},"type":"television","model":"k20"}
{"_id":{"$oid":"6699a928a152d242365fc50e"},"type":"laptop","model":"ay9"}
{"_id":{"$oid":"6699a928a152d242365fc50f"},"type":"television","model":"jk23"}
{"_id":{"$oid":"6699a928a152d242365fc510"},"type":"television","model":"boom"}
{"_id":{"$oid":"6699a928a152d242365fc511"},"type":"television","model":"jk23"}
{"_id":{"$oid":"6699a928a152d242365fc512"},"type":"television","model":"jk23"}
{"_id":{"$oid":"6699a928a152d242365fc513"},"type":"television","model":"ss2"}
{"_id":{"$oid":"6699a928a152d242365fc514"},"type":"television","model":"ss2"}
{"_id":{"$oid":"6699a928a152d242365fc515"},"type":"television","model":"jk23"}
{"_id":{"$oid":"6699a928a152d242365fc516"},"type":"television","model":"k20"}
{"_id":{"$oid":"6699a928a152d242365fc517"},"type":"television","model":"jk23"}
{"_id":{"$oid":"6699a928a152d242365fc518"},"type":"television","model":"boom"}
{"_id":{"$oid":"6699a928a152d242365fc519"},"type":"television","model":"ss2"}
{"_id":{"$oid":"6699a928a152d242365fc51a"},"type":"television","model":"dj1"}
{"_id":{"$oid":"6699a928a152d242365fc51b"},"type":"laptop","model":"c6"}
{"_id":{"$oid":"6699a928a152d242365fc51c"},"type":"television","model":"k20"}
{"_id":{"$oid":"6699a928a152d242365fc51d"},"type":"television","model":"boom"}
{"_id":{"$oid":"6699a928a152d242365fc51e"},"type":"laptop","model":"zeta"}
{"_id":{"$oid":"6699a928a152d242365fc51f"},"type":"laptop","model":"qw2"}
{"_id":{"$oid":"6699a928a152d242365fc520"},"type":"television","model":"boom"}
{"_id":{"$oid":"6699a928a152d242365fc521"},"type":"laptop","model":"zeta"}
{"_id":{"$oid":"6699a928a152d242365fc522"},"type":"laptop","model":"ay9"}
{"_id":{"$oid":"6699a928a152d242365fc523"},"type":"laptop","model":"j3"}
{"_id":{"$oid":"6699a928a152d242365fc524"},"type":"laptop","model":"c6"}
{"_id":{"$oid":"6699a928a152d242365fc525"},"type":"laptop","model":"j3"}
{"_id":{"$oid":"6699a928a152d242365fc526"},"type":"television","model":"k20"}
{"_id":{"$oid":"6699a928a152d242365fc527"},"type":"television","model":"k20"}
{"_id":{"$oid":"6699a928a152d242365fc528"},"type":"television","model":"ss2"}
{"_id":{"$oid":"6699a928a152d242365fc529"},"type":"laptop","model":"j3"}
{"_id":{"$oid":"6699a928a152d242365fc52a"},"type":"television","model":"dj1"}
{"_id":{"$oid":"6699a928a152d242365fc52b"},"type":"laptop","model":"kz"}
{"_id":{"$oid":"6699a928a152d242365fc52c"},"type":"television","model":"boom"}
{"_id":{"$oid":"6699a928a152d242365fc52d"},"type":"laptop","model":"qw2"}
{"_id":{"$oid":"6699a928a152d242365fc52e"},"type":"laptop","model":"j3"}
{"_id":{"$oid":"6699a928a152d242365fc52f"},"type":"television","model":"ss2"}
{"_id":{"$oid":"6699a928a152d242365fc530"},"type":"television","model":"dj1"}
{"_id":{"$oid":"6699a928a152d242365fc531"},"type":"television","model":"dj1"}
{"_id":{"$oid":"6699a928a152d242365fc532"},"type":"laptop","model":"kz"}
{"_id":{"$oid":"6699a928a152d242365fc533"},"type":"television","model":"dj1"}
